Camp Name,Camp Name,Park Name,Park Code,total Campsites,tent only sites,electrical hookups (for RV)
0,277 North Campground,Amistad,amis,18,0,0
1,Abrams Creek Campground,Great Smoky Mountains,grsm,16,0,0
2,Adirondack Shelters,Catoctin Mountain,cato,2,0,0
3,Afterbay Campground,Bighorn Canyon,bica,22,0,22
4,Akers Group Campground,Ozark National Scenic Riverway,ozar,4,4,0
5,Alamo Canyon Primitive Campground,Organ Pipe Cactus,orpi,4,4,0
6,Alley Spring Campground,Ozark National Scenic Riverway,ozar,162,3,28
7,Alum Ford Campground,Big South Fork,biso,6,6,0
8,American Memorial Park,American Memorial Park,amme,0,0,0
9,Anacapa Island Campground,Channel Islands,chis,7,7,0
10,Antelope Point RV Park,Glen Canyon,glca,104,0,104
11,Antietam Creek Campground,Chesapeake And Ohio Canal,choh,20,20,0
12,Apgar Campground,Glacier,glac,194,0,0
13,Army Camp,New River Gorge,neri,11,0,0
14,Aspenglen Campground,Rocky Mountain,romo,52,13,0
15,Atwell Mill Campground,Sequoia,seki,21,21,0
16,Au Sable East Group Backpacking Site,Pictured Rocks,piro,1,1,0
17,Au Sable East Individual Backpacking Sites,Pictured Rocks,piro,6,6,0
18,Avalanche,Glacier,glac,87,0,0
19,Azalea Campground,Sequoia,seki,110,0,0
20,Back Country Camping - Green Run,Assateague Island Ns,asis,1,1,0
21,Back Country Camping - Little Levels,Assateague Island Ns,asis,1,1,0
22,Back Country Camping - Pine Tree,Assateague Island Ns,asis,1,1,0
23,Back Country Camping - Pope Bay,Assateague Island Ns,asis,1,1,0
24,Back Country Camping - State Line,Assateague Island Ns,asis,1,1,0
25,Back Country Camping - Tingles Island,Assateague Island Ns,asis,1,1,0
26,Backcountry Camping,White Sands,whsa,10,10,0
27,Backcountry Camping,Capitol Reef,care,0,0,0
28,Backcountry Camping in the Otis Pike High Dune Wilderness,Fire Island,fiis,36,36,0
29,Backpacking Campsites in the Dunes or Forest,Great Sand Dunes,grsa,27,27,0
30,Baker Creek Campground,Great Basin,grba,37,4,0
31,Bald Eagle Island Hiker-Biker Campsite,Chesapeake And Ohio Canal,choh,1,1,0
32,Balsam Mountain Campground,Great Smoky Mountains,grsm,42,0,0
33,Bandy Creek Campground,Big South Fork,biso,149,39,98
34,Barry's Landing & Trail Creek Campground,Bighorn Canyon,bica,30,16,0
35,Bartlett Cove Campground,Glacier Bay,glba,33,33,0
36,Bay Campground - South Manitou Island,Sleeping Bear Dunes,slbe,28,28,0
37,Bayside Drive-in Campground,Assateague Island Ns,asis,22,0,0
38,Bear Creek Horse Camp,Big South Fork,biso,23,23,23
39,Bear Island Campground,Big Cypress,bicy,40,0,0
40,Beaver Creek Individual Backpacking Sites,Pictured Rocks,piro,6,6,0
41,Beaver Island Campground,Isle Royale,isro,3,0,0
42,Beehives Campground,Glen Canyon,glca,6,0,0
43,Belle Campground,Joshua Tree,jotr,18,0,0
44,Belle Fourche River Campground,Devils Tower,deto,46,3,0
45,Belle Isle Campground,Isle Royale,isro,7,1,0
46,Benchmark Individual Backpacking Sites,Pictured Rocks,piro,6,6,0
47,Bicentennial Campground,Golden Gate,goga,3,3,0
48,Big Creek Campground,Great Smoky Mountains,grsm,12,12,0
49,Big Meadows Campground,Shenandoah,shen,221,51,0
50,Big Seboeis Campsite,Katahdin Woods And Waters,kaww,1,1,0
51,Big Spring Brook Campsite,Katahdin Woods And Waters,kaww,1,1,0
52,Big Spring Brook Hut,Katahdin Woods And Waters,kaww,1,0,0
53,Big Spring Campground,Ozark National Scenic Riverway,ozar,123,3,23
54,Big Woods Hiker-Biker Campsite,Chesapeake And Ohio Canal,choh,1,1,0
55,Birch Island Campground,Isle Royale,isro,2,1,0
56,Bird Island Basin Campground,Padre Island,pais,34,10,0
57,Black Canyon Campground,Bighorn Canyon,bica,17,17,0
58,Black Canyon Group and Equestrian Campground,Mojave,moja,2,0,0
59,Black Rock Campground,Joshua Tree,jotr,99,0,0
60,Blackwoods Campground,Acadia,acad,281,221,0
61,Blue Creek,Lake Meredith,lamr,50,0,0
62,Blue Heron Campground,Big South Fork,biso,45,45,45
63,Blue Ridge Wilderness Campground,Guadalupe Mountains,gumo,5,5,0
64,Blue West Campground,Lake Meredith,lamr,30,0,0
65,Bluff Campground,Congaree,cong,6,6,0
66,Boca Chita Campground,Biscayne,bisc,60,60,0
67,Bonita Canyon Campground,Chiricahua,chir,26,0,0
68,Boulder Beach Campground (Lake Mead),Lake Mead,lake,135,135,0
69,Boulder Beach Group Campground (Lake Mead),Lake Mead,lake,5,5,0
70,Bow Creek Primitive Camping,Missouri National Recreational River,mnrr,5,5,0
71,Bowman Lake,Glacier,glac,48,0,0
72,Brandy Creek,Whiskeytown,whis,2,0,0
73,Brandy Creek RV,Whiskeytown,whis,15,0,0
74,Brickhill Bluff Wilderness Campsite,Cumberland Island,cuis,4,4,0
75,Bridalveil Creek Campground,Yosemite,yose,115,41,0
76,Bridge Bay Campground,Yellowstone,yell,432,0,0
77,Brooklyn Campground,New River Gorge,neri,5,5,0
78,Brooks Camp Campground,Katmai,katm,60,60,0
79,Buckeye Flat Campground,Sequoia,seki,27,27,0
80,Buckhorn Campground Loop A,Chickasaw,chic,19,0,0
81,Buckhorn Campground Loop B,Chickasaw,chic,25,0,0
82,Buckhorn Campground Loop C,Chickasaw,chic,41,0,24
83,Buckhorn Campground Loop D,Chickasaw,chic,48,0,24
84,Buffalo Point Campground,Buffalo,buff,108,21,82
85,Bugbee Canyon,Lake Meredith,lamr,10,0,0
86,Bullfrog RV & Campground,Glen Canyon,glca,98,0,18
87,Burns Lake,Big Cypress,bicy,0,0,0
88,Burnwood Group Campsite,New River Gorge,neri,1,0,0
89,Bush Mountain Wilderness Campground,Guadalupe Mountains,gumo,5,5,0
90,Butte Lake Campground,Lassen Volcanic,lavo,101,0,0
91,Cabin Camp 1 (By Reservation Only),Prince William Forest Park,prwi,1,0,0
92,Cabin Camp 2 (By Reservation Only),Prince William Forest Park,prwi,1,0,0
93,Cabin Camp 3 (By Reservation Only),Prince William Forest Park,prwi,13,0,0
94,Cabin Camp 4 (By Reservation Only),Prince William Forest Park,prwi,1,0,0
95,Cabin Camp 5 (By Reservation Only),Prince William Forest Park,prwi,1,0,0
96,Cacapon Junction Hiker-Biker Campsite,Chesapeake And Ohio Canal,choh,1,1,0
97,Cades Cove Campground,Great Smoky Mountains,grsm,159,31,0
98,Cades Cove Group Campground,Great Smoky Mountains,grsm,3,3,0
99,Calico Rocks Hiker-Biker Campsite,Chesapeake And Ohio Canal,choh,1,1,0
100,Callville Bay Campground (Lake Mead),Lake Mead,lake,52,52,0
101,Callville Bay RV Park (Lake Mead),Lake Mead,lake,0,0,0
102,Camp 4 Campground,Yosemite,yose,25,25,0
103,Camp Greentop,Catoctin Mountain,cato,16,0,0
104,Camp Misty Mount,Catoctin Mountain,cato,30,0,0
105,Camp Round Meadow,Catoctin Mountain,cato,1,0,0
106,Camping and Huts,Katahdin Woods And Waters,kaww,24,15,0
107,Canaveral National Seashore Backcountry Island Camping,Canaveral,cana,14,14,0
108,Canyon Campground,Yellowstone,yell,273,0,0
109,Canyon City,Klondike Gold Rush,klgo,11,11,0
110,Canyon View Campground,Navajo,nava,13,13,0
111,Canyon View Campground,Sequoia,seki,16,0,0
112,Cape Point Campground,Cape Hatteras,caha,202,0,0
113,Caribou Island Campground,Isle Royale,isro,3,1,0
114,Carver Campground,Buffalo,buff,8,8,0
115,Cataloochee Campground,Great Smoky Mountains,grsm,27,0,0
116,Cave Creek Campground,Oregon Caves,orca,17,17,0
117,Cedar Canyon Campground,Lake Meredith,lamr,15,0,0
118,Cedar Pass Campground,Badlands,badl,96,82,10
119,Central Avenue Walk-in Sites,Indiana Dunes,indu,5,5,0
120,Central Campground,Chickasaw,chic,0,0,0
121,Chapel Individual Backpacking Sites,Pictured Rocks,piro,6,6,0
122,Chimney Hollow Campground,Lake Meredith,lamr,15,0,0
123,Chippewa Harbor Campground,Isle Royale,isro,7,2,0
124,Chisel Branch Hiker-Biker Campsite,Chesapeake And Ohio Canal,choh,1,1,0
125,Chisos Basin Campground,Big Bend,bibe,56,0,0
126,Chopawamsic Backcountry Area,Prince William Forest Park,prwi,8,8,0
127,Cimarron Campground,Curecanti,cure,21,0,0
128,Circle X Ranch Campground - CLOSED,Santa Monica Mountains,samo,1,0,0
129,City of Rocks Campground,City Of Rocks National Reserve,ciro,67,49,0
130,Cliffs Group Backpacking Site,Pictured Rocks,piro,1,1,0
131,Cliffs Individual Backpacking Sites,Pictured Rocks,piro,3,3,0
132,Cloverleaf Campground,Lake Roosevelt,laro,7,7,0
133,Coast Campground,Point Reyes,pore,14,14,0
134,Cold Springs Campground,Sequoia,seki,40,40,0
135,Cold Springs Campground,Chickasaw,chic,65,0,0
136,Colonial Creek North Campground,North Cascades,noca,41,10,0
137,Colonial Creek South Campground,North Cascades,noca,96,19,0
138,Colorado River Primitive Camping Between Glen Canyon Dam and Lees Ferry,Glen Canyon,glca,5,5,0
139,Colter Bay Campground,Grand Teton,grte,324,0,13
140,Colter Bay RV Park,Grand Teton,grte,112,0,112
141,Colter Bay Tent Village,Grand Teton,grte,66,0,0
142,Cosby Campground,Great Smoky Mountains,grsm,157,0,0
143,Cottonwood Campground,Joshua Tree,jotr,62,0,0
144,Cottonwood Campground,Theodore Roosevelt,thro,76,12,0
145,Cottonwood Campground,Big Bend,bibe,22,0,0
146,Cottonwood Cove Campground (Lake Mohave),Lake Mead,lake,45,45,0
147,Cottonwood Cove RV Park (Lake Mead),Lake Mead,lake,72,0,72
148,Cougar Rock Campground,Mount Rainier,mora,179,78,0
149,Coves Group Backpacking Site,Pictured Rocks,piro,1,1,0
150,Coves Individual Backpacking Sites,Pictured Rocks,piro,5,5,0
151,Crabtree Falls Campground,Blue Ridge,blri,81,0,0
152,Crane Flat Campground,Yosemite,yose,151,0,0
153,Crystal Creek,Whiskeytown,whis,2,2,0
154,Crystal Springs Campground,Sequoia,seki,50,0,0
155,Cumberland Valley Hiker-Biker Campsite,Chesapeake And Ohio Canal,choh,1,1,0
156,Cut Bank,Glacier,glac,14,0,0
157,D. H. Day Campground,Sleeping Bear Dunes,slbe,87,23,0
158,D. H. Day Campground Group Campground,Sleeping Bear Dunes,slbe,4,4,0
159,Daisy Farm Campground,Isle Royale,isro,25,6,0
160,Davis Bayou Campground,Gulf Islands,guis,52,3,52
161,Dayboard 9 Campground,Bighorn Canyon,bica,5,5,0
162,Deep Creek Campground,Great Smoky Mountains,grsm,92,0,0
163,Deerlodge Park Campground,Dinosaur,dino,7,7,0
164,Desert View Campground (Reservations Required),Grand Canyon,grca,49,0,0
165,Devils Alley Hiker-Biker Campsite,Chesapeake And Ohio Canal,choh,1,1,0
166,Devils Garden Campground,Arches,arch,51,0,0
167,Dingmans Campground,Delaware Water Gap,dewa,136,80,34
168,Dog Canyon Campground,Guadalupe Mountains,gumo,15,9,0
169,Dorst Creek Campground,Sequoia,seki,222,12,0
170,Dosewallips Campground (Walk-In Only),Olympic,olym,14,14,0
171,Doughton Park Campground,Blue Ridge,blri,108,75,0
172,Douglas Spring,Saguaro,sagu,0,0,0
173,Dry Creek Group Campground,Whiskeytown,whis,2,2,0
174,Dry Gulch Campground,Curecanti,cure,9,0,0
175,Duck Harbor Campground,Acadia,acad,5,5,0
176,Dump Station,Great Basin,grba,0,0,0
177,Dunbar Group Site,Indiana Dunes,indu,1,10,0
178,Duncan Bay Campground,Isle Royale,isro,3,1,0
179,Duncan Narrows Campground,Isle Royale,isro,3,1,0
180,Dundo Group Campground,Shenandoah,shen,3,3,0
181,Dunewood Campground,Indiana Dunes,indu,66,66,0
182,Dyea Campground,Klondike Gold Rush,klgo,22,3,0
183,East Chickenbone Campground,Isle Royale,isro,4,3,0
184,East Elk Creek Group Campground,Curecanti,cure,1,0,0
185,East Portal Campground,Curecanti,cure,15,10,0
186,East Portal Campground,Black Canyon Of The Gunnison,blca,15,10,0
187,Echo Bay Campground (Lake Mead),Lake Mead,lake,52,52,0
188,Echo Bay RV Park (Lake Mead),Lake Mead,lake,55,0,55
189,Echo Park Campground,Dinosaur,dino,22,17,0
190,El Morro Campground,El Morro,elmo,9,0,0
191,Elk Creek Campground,Curecanti,cure,160,14,27
192,Elk Mountain Campground,Wind Cave,wica,61,62,0
193,Elk Prairie Campgound,Redwood,redw,75,21,0
194,Elkmont Campground,Great Smoky Mountains,grsm,220,23,0
195,Elkmont Group Campground,Great Smoky Mountains,grsm,4,4,0
196,Elliott Key Campground,Biscayne,bisc,20,20,0
197,Emigrant Campground,Death Valley,deva,10,10,0
198,Erbie Campground,Buffalo,buff,21,2,0
199,Esker Campsite,Katahdin Woods And Waters,kaww,1,1,0
200,Eureka Dunes Campground (Primitive),Death Valley,deva,7,0,0
201,Evans Campground,Lake Roosevelt,laro,43,3,0
202,Evans Group Site,Lake Roosevelt,laro,1,0,0
203,Evitts Creek Hiker-Biker Campsite,Chesapeake And Ohio Canal,choh,1,0,0
204,Exit Glacier Campground,Kenai,kefj,12,12,0
205,Fairholme Campground,Olympic,olym,88,0,0
206,Feldtmann Lake Campground,Isle Royale,isro,7,5,0
207,Fifteenmile Creek Campground,Chesapeake And Ohio Canal,choh,10,1,0
208,Finnegan's Point,Klondike Gold Rush,klgo,6,6,0
209,Fish Creek,Glacier,glac,178,4,0
210,Fishing Bridge RV Park,Yellowstone,yell,310,0,310
211,Flamingo Campground,Everglades,ever,274,274,41
212,Fort Casey State Park,Ebey'S Landing National Historical Reserve,ebla,0,0,0
213,Fort Charlotte Backcountry Campgrounds,Grand Portage,grpo,2,2,0
214,Fort Ebey State Park,Ebey'S Landing National Historical Reserve,ebla,0,0,0
215,Fort Pickens Campground,Gulf Islands,guis,200,20,200
216,Fort Spokane Campground,Lake Roosevelt,laro,67,4,0
217,Fort Spokane Group Sites,Lake Roosevelt,laro,2,0,0
218,Fort Wadsworth Campsite,Gateway,gate,7,7,0
219,Frijole Horse Corral Campground,Guadalupe Mountains,gumo,1,1,0
220,Frisco Campground,Cape Hatteras,caha,117,3,0
221,Fritch Fortress,Lake Meredith,lamr,15,0,0
222,Fruita Campground,Capitol Reef,care,71,7,0
223,Furnace Creek Campground,Death Valley,deva,136,45,18
224,Garden Key Campground,Dry Tortugas,drto,8,8,0
225,Gates of Lodore Campground,Dinosaur,dino,19,0,0
226,Gateview Campground,Curecanti,cure,6,6,0
227,Gator Head,Big Cypress,bicy,9,9,0
228,Gauley Tailwaters,Gauley,gari,18,0,0
229,Gifford Campground,Lake Roosevelt,laro,42,0,0
230,Gifford Group Site,Lake Roosevelt,laro,1,0,0
231,Glacier Basin Campground,Rocky Mountain,romo,150,73,0
232,Glade Creek Campground,New River Gorge,neri,11,6,0
233,Glen Campground,Point Reyes,pore,12,12,0
234,Goat Island Primitive Camping,Missouri National Recreational River,mnrr,2,2,0
235,Gold Bluffs Beach Campground,Redwood,redw,26,0,0
236,Goodell Creek Campground,North Cascades,noca,19,0,0
237,Gorge Lake Campground,North Cascades,noca,8,8,0
238,Governors Landing Campground,Amistad,amis,15,0,0
239,Grace Island Campground,Isle Royale,isro,2,0,0
240,Grand Pitch Lean-to,Katahdin Woods And Waters,kaww,1,0,0
241,Grand Sable Lake Boat-In Site,Pictured Rocks,piro,1,1,0
242,Grandview Sandbar,New River Gorge,neri,16,6,0
243,Grant Village Campground,Yellowstone,yell,430,0,0
244,Grapevine Campground,Bighorn Canyon,bica,14,6,0
245,Grass Shack,Saguaro,sagu,0,0,0
246,Graves Creek Campground,Olympic,olym,30,0,0
247,Great Island Cabin Camp,Cape Lookout,calo,23,0,0
248,Green Island Primitive Camping,Missouri National Recreational River,mnrr,5,5,0
249,Green River Campground,Dinosaur,dino,80,0,0
250,Greenbelt Park Campground,Greenbelt,gree,172,30,0
251,Grey Cliffs Campground,Great Basin,grba,16,0,0
252,Gros Ventre Campground,Grand Teton,grte,279,0,39
253,Group Campsite,Capitol Reef,care,1,0,0
254,Guadalupe Peak Wilderness Campground,Guadalupe Mountains,gumo,5,5,0
255,Gulpha Gorge Campground,Hot Springs,hosp,40,0,40
256,Gunter Hill Campground,Selma To Montgomery,semo,0,0,0
257,Guy Sandy Campground,Chickasaw,chic,40,3,0
258,Haag Cove Campground,Lake Roosevelt,laro,18,6,0
259,Halls Crossing RV & Campground,Glen Canyon,glca,72,41,31
260,Happy Valley Saddle,Saguaro,sagu,0,0,0
261,Harbor Bay Campground,Lake Meredith,lamr,25,0,0
262,Harlequin Campground,North Cascades,noca,7,0,0
263,Haskell Campsite,Katahdin Woods And Waters,kaww,1,1,0
264,Haskell Hut,Katahdin Woods And Waters,kaww,1,0,0
265,Hatchet Lake Campground,Isle Royale,isro,8,5,0
266,Hawk Campground,Golden Gate,goga,3,3,0
267,Hawk Creek Campground,Lake Roosevelt,laro,20,0,0
268,Hay Bay Campground,Isle Royale,isro,1,1,0
269,Haypress Campground,Golden Gate,goga,6,5,0
270,Headwaters Campground,Grand Teton,grte,171,34,0
271,Heart O' the Hills Campground,Olympic,olym,97,0,0
272,Hickory Hill Wilderness Campsite,Cumberland Island,cuis,4,4,0
273,Hidden Valley Campground,Joshua Tree,jotr,44,0,0
274,Hite Outpost Adventure Center - Closed until further notice,Glen Canyon,glca,35,21,14
275,"Hite Primitive (Dirty Devil, Farley, White Canyon) camping",Glen Canyon,glca,0,0,0
276,Hodgdon Meadow Campground,Yosemite,yose,103,68,0
277,Hoh Campground,Olympic,olym,78,0,0
278,Hole-in-the-Wall Campground,Mojave,moja,35,2,0
279,Homestake Campground (Primitive),Death Valley,deva,10,0,0
280,Horse Camp,Whiskeytown,whis,2,3,0
281,Horse camping,Assateague Island Ns,asis,2,6,0
282,Horsepen Branch Hiker-Biker Campsite,Chesapeake And Ohio Canal,choh,1,1,0
283,Horseshoe Bend Campground,Bighorn Canyon,bica,68,0,28
284,Horseshoe Bend Hiker-Biker Campsite,Chesapeake And Ohio Canal,choh,1,1,0
285,Hosmer Grove Campground,Haleakala,hale,6,6,0
286,Houchin Ferry Campground,Mammoth Cave,maca,12,12,0
287,Hovenweep Campground,Hovenweep,hove,31,0,0
288,Hozomeen Campground,North Cascades,noca,75,0,0
289,Huckleberry Hill Hiker-Biker Campsite,Chesapeake And Ohio Canal,choh,0,0,0
290,Huginnin Cove Campground,Isle Royale,isro,5,5,0
291,Hunters Campground,Lake Roosevelt,laro,37,0,0
292,Hunters Group Sites,Lake Roosevelt,laro,3,0,0
293,Hurricane River Campground,Pictured Rocks,piro,21,0,0
294,Igloo Creek,Denali,dena,7,7,0
295,Indian Cove Campground,Joshua Tree,jotr,101,0,0
296,Indian Creek Campground,Yellowstone,yell,70,0,0
297,Indian Flats Hiker-Biker Campsite,Chesapeake And Ohio Canal,choh,0,0,0
298,Indian Well Campground,Lava Beds,labe,43,0,0
299,Indigo Neck Hiker-Biker Campsite,Chesapeake And Ohio Canal,choh,1,1,0
300,Intermediate Lake Campground,Isle Royale,isro,3,3,0
301,Irons Mountain Hiker-Biker Campsite,Chesapeake And Ohio Canal,choh,0,0,0
302,Island Mine Campground,Isle Royale,isro,6,4,0
303,Island in the Sky (Willow Flat) Campground,Canyonlands,cany,12,0,0
304,Jedediah Smith Campground,Redwood,redw,86,22,0
305,"Jeff Busby Campground, Milepost 193.1",Natchez Trace Parkway,natr,18,0,0
306,Jenny Lake Campground,Grand Teton,grte,61,51,0
307,Jones Bay Campground,Lake Roosevelt,laro,9,0,0
308,Jordan Junction Hiker-Biker Campsite,Chesapeake And Ohio Canal,choh,1,1,0
309,Julian Price Park Campground,Blue Ridge,blri,190,90,0
310,Jumbo Rocks Campground,Joshua Tree,jotr,124,0,0
311,Juniper Basin,Saguaro,sagu,0,0,0
312,Juniper Campground,Theodore Roosevelt,thro,50,9,0
313,Juniper Family Campground,Bandelier,band,52,5,0
314,Juniper Lake Campground,Lassen Volcanic,lavo,18,0,0
315,Kalaloch Campround,Olympic,olym,170,0,0
316,Kamloops Island Campground,Lake Roosevelt,laro,17,9,0
317,Katahdin Brook Lean-to,Katahdin Woods And Waters,kaww,1,0,0
318,Katherine Landing Campground (Lake Mohave),Lake Mead,lake,0,0,0
319,Katherine Landing RV Park (Lake Mohave),Lake Mead,lake,0,0,0
320,Kendesnii Campground,N/A,wrst,10,0,0
321,Kettle Falls Campground,Lake Roosevelt,laro,74,0,0
322,Kettle River Campground,Lake Roosevelt,laro,13,0,0
323,Killiansburg Cave Hiker-Biker Campsite,Chesapeake And Ohio Canal,choh,1,1,0
324,Kintla Lake,Glacier,glac,13,0,0
325,Kirby Cove Campground,Golden Gate,goga,6,5,0
326,Kulanaokuaiki,Hawaii Volcanoes,havo,9,9,0
327,Kyles Landing,Buffalo,buff,33,33,0
328,Kīpahulu Campground,Haleakala,hale,9,9,0
329,Lake Fork Campground,Curecanti,cure,90,4,0
330,Lake Mead RV Village (Lake Mead),Lake Mead,lake,115,0,115
331,Lake Richie Campground,Isle Royale,isro,6,4,0
332,Lake Richie Canoe Campground,Isle Royale,isro,3,3,0
333,Lake Whittlesey Campground,Isle Royale,isro,3,3,0
334,Lakeview Campground,North Cascades,noca,9,9,0
335,Lane Cove Campground,Isle Royale,isro,5,5,0
336,Las Vegas Bay Campground (Lake Mead),Lake Mead,lake,85,85,0
337,Lava Flow Campground,Craters Of The Moon,crmo,42,0,0
338,Lava Point Campground,Zion National Park,zion,6,6,0
339,Lees Ferry Campground,Glen Canyon,glca,54,0,0
340,Leopards Mill Hiker-Biker Campsite,Chesapeake And Ohio Canal,choh,1,1,0
341,Lewis Lake Campground,Yellowstone,yell,85,0,0
342,Lewis Mountain Campground,Shenandoah,shen,30,0,0
343,Licking Creek Hiker-Biker Campsite,Chesapeake And Ohio Canal,choh,0,0,0
344,Linville Falls Campground,Blue Ridge,blri,64,14,0
345,Little Beaver Lake Campground,Pictured Rocks,piro,8,0,0
346,Little Pool Hiker-Biker Campsite,Chesapeake And Ohio Canal,choh,0,0,0
347,Little Todd Campground,Isle Royale,isro,4,4,0
348,Lizard Creek Campground,Grand Teton,grte,60,0,0
349,Locust Grove Group Sites,Lake Roosevelt,laro,2,0,0
350,Lodgepole Campground,Sequoia,seki,214,76,0
351,Loft Mountain Campground,Shenandoah,shen,207,50,0
352,Logging Creek,Glacier,glac,7,0,0
353,Lone Rock Beach Primitive Camping Area,Glen Canyon,glca,5000,0,0
354,Long Pine Key Campground,Everglades,ever,108,108,0
355,Longleaf Campground,Congaree,cong,14,14,0
356,Longs Peak Campground,Rocky Mountain,romo,26,26,0
357,Look Rock Campground,Great Smoky Mountains,grsm,68,5,10
358,"Lost Creek Campground, elevation 6,000 feet (1,829 meters)",Crater Lake,crla,16,16,0
359,Lost Creek Group Campground,Lassen Volcanic,lavo,8,0,0
360,Lower Goodell Creek Group Campground,North Cascades,noca,2,0,0
361,Lower Lehman Campground,Great Basin,grba,11,0,0
362,Lower Pines Campground,Yosemite,yose,73,0,0
363,Lower Scorpion Campground,Gila Cliff Dwellings,gicl,7,7,0
364,Lower St. Croix District,Saint Croix,sacn,19,19,0
365,Lowney Creek Group Backpacking Site,Pictured Rocks,piro,1,1,0
366,Lowney Creek Individual Backpacking Sites,Pictured Rocks,piro,4,4,0
367,Lunksoos Campsites,Katahdin Woods And Waters,kaww,7,7,0
368,Lunksoos Mountain Lean-To,Katahdin Woods And Waters,kaww,1,0,0
369,Madison Campground,Yellowstone,yell,276,117,0
370,Mahogany Flat Campground (Primitive),Death Valley,deva,9,0,0
371,Malaquite Campground,Padre Island,pais,48,6,0
372,Malone Bay Campground,Isle Royale,isro,7,0,0
373,Mammoth Campground,Yellowstone,yell,85,0,0
374,Mammoth Cave Campground,Mammoth Cave,maca,111,0,0
375,Manning Camp,Saguaro,sagu,6,6,0
376,Many Glacier,Glacier,glac,109,8,0
377,Manzanita Lake Campground,Lassen Volcanic,lavo,179,30,0
378,Maple Springs Group Campground,Mammoth Cave,maca,7,0,7
379,Marble Quarry Hiker-Biker Campsite,Chesapeake And Ohio Canal,choh,1,1,0
380,Marcus Island Campground,Lake Roosevelt,laro,25,0,0
381,Marcus Wilderness Campground,Guadalupe Mountains,gumo,5,5,0
382,Marsden Tract Group Campground,Chesapeake And Ohio Canal,choh,6,6,0
383,Masse Homestead Group Backpacking Site,Pictured Rocks,piro,1,1,0
384,Masse Homestead Individual Backpacking Sites,Pictured Rocks,piro,3,3,0
385,Mather Campground - South Rim,Grand Canyon,grca,327,55,0
386,Mathews Arm Campground,Shenandoah,shen,165,0,0
387,Maumee South,Buffalo,buff,0,0,0
388,Mazama Campground,Crater Lake,crla,214,121,18
389,McBride Canyon and Mullinaw Creek Campgrounds,Lake Meredith,lamr,40,0,0
390,McCargoe Cove Campground,Isle Royale,isro,12,3,0
391,McKittrick Ridge Wilderness Campground,Guadalupe Mountains,gumo,8,8,0
392,McMillan Woods Youth Campground,Gettysburg,gett,10,10,0
393,Mccoys Ferry Campground,Chesapeake And Ohio Canal,choh,13,0,0
394,Meadow Creek Campground,New River Gorge,neri,26,26,0
395,Medano Pass Primitive Road Campsites,Great Sand Dunes,grsa,21,21,0
396,Medicine Creek Campground,Bighorn Canyon,bica,5,5,0
397,"Meriwether Lewis Campground, Milepost 385.9",Natchez Trace Parkway,natr,31,0,0
398,Merritt Lane Campground,Isle Royale,isro,2,1,0
399,Mescalero Wilderness Campground,Guadalupe Mountains,gumo,8,8,0
400,Mesquite Spring Campground,Death Valley,deva,40,0,0
401,Mid-Hills Campground,Mojave,moja,26,26,0
402,Middle St. Croix,Saint Croix,sacn,57,57,0
403,Midway Campground,Big Cypress,bicy,36,10,26
404,Mill Creek Campground,Redwood,redw,145,22,0
405,Mitchell's Landing,Big Cypress,bicy,11,0,0
406,Mohican Outdoor Center,Delaware Water Gap,dewa,16,15,0
407,Monument Lake,Big Cypress,bicy,36,10,0
408,Mora Campground,Olympic,olym,94,0,0
409,Moraine Campground,Sequoia,seki,121,0,0
410,Moraine Park Campground,Rocky Mountain,romo,244,101,0
411,Morefield Campground,Mesa Verde,meve,267,85,15
412,Moskey Basin Campground,Isle Royale,isro,10,2,0
413,Mosquito River Group Backpacking Site,Pictured Rocks,piro,1,1,0
414,Mosquito River Individual Backpacking Sites,Pictured Rocks,piro,5,5,0
415,Mount Pisgah,Blue Ridge,blri,125,64,0
416,NPS Priest Rock Public Use Cabin,Lake Clark,lacl,0,0,0
417,Namekagon District,Saint Croix,sacn,67,67,0
418,Natural Bridges Campground,Natural Bridges,nabr,13,0,0
419,Naval Live Oaks Youth Group Camping,Gulf Islands,guis,1,0,0
420,Newhalem Creek Campground,North Cascades,noca,107,13,0
421,Norris Campground,Yellowstone,yell,112,0,0
422,North Campground,Bryce Canyon,brca,100,46,0
423,North Desor Campground,Isle Royale,isro,3,3,0
424,North Fork Campground,Olympic,olym,9,0,0
425,North Gorge Campground,Lake Roosevelt,laro,12,6,0
426,North Mountain Hiker-Biker Campsite,Chesapeake And Ohio Canal,choh,1,1,0
427,North Pines Campground,Yosemite,yose,80,0,0
428,North Rim Campground,Black Canyon Of The Gunnison,blca,13,0,0
429,North Rim Campground,Grand Canyon,grca,87,12,0
430,Nāmakanipaio,Hawaii Volcanoes,havo,16,16,0
431,Oak Ridge Campground,Prince William Forest Park,prwi,100,33,0
432,Oceanside Drive-in Campground,Assateague Island Ns,asis,16,0,0
433,Oceanside Group Campground,Assateague Island Ns,asis,5,5,0
434,Oceanside Walk-in campground,Assateague Island Ns,asis,21,21,0
435,Ocracoke Campground,Cape Hatteras,caha,135,0,0
436,Ohanapecosh Campground,Mount Rainier,mora,179,47,0
437,Opequon Junction Hiker-Biker Campsite,Chesapeake And Ohio Canal,choh,1,1,0
438,Oregon Inlet Campground,Cape Hatteras,caha,107,30,47
439,Otter Creek,Blue Ridge,blri,68,45,0
440,Owens Creek Campground,Catoctin Mountain,cato,50,0,0
441,Ozark Campground,Buffalo,buff,31,13,0
442,Ozette Campground,Olympic,olym,15,0,0
443,Paul Grist State Park,Selma To Montgomery,semo,0,0,0
444,Paw Paw Tunnel Campground,Chesapeake And Ohio Canal,choh,10,10,0
445,Peaks of Otter Campground,Blue Ridge,blri,139,88,0
446,Pebble Creek Campground,Yellowstone,yell,27,0,0
447,Peltier Bridge,Whiskeytown,whis,9,9,0
448,Pickerel Cove Campground,Isle Royale,isro,1,1,0
449,Pigmans Ferry Hiker-Biker Campsite,Chesapeake And Ohio Canal,choh,0,0,0
450,Pine Bluff Individual Backpacking Sites,Pictured Rocks,piro,5,5,0
451,Pine Springs Campground,Guadalupe Mountains,gumo,35,20,0
452,Pine Top Wilderness Campground,Guadalupe Mountains,gumo,8,8,0
453,Pinecrest,Big Cypress,bicy,4,0,0
454,Pink Jeep,Big Cypress,bicy,9,9,0
455,Pinnacles Campground,Pinnacles,pinn,134,83,25
456,Piñon Flats Campground,Great Sand Dunes,grsa,91,0,0
457,Platte River Campground,Sleeping Bear Dunes,slbe,179,0,96
458,Pleasant Camp,Klondike Gold Rush,klgo,11,11,0
459,Plum Creek Campgrounds,Lake Meredith,lamr,45,0,0
460,Point Supreme Campground,Cedar Breaks,cebr,25,7,0
461,Pond Pitch Campsite,Katahdin Woods And Waters,kaww,1,1,0
462,Ponderosa,Bandelier,band,2,2,0
463,Ponderosa Campground,Curecanti,cure,28,10,0
464,Poplar Grove Youth Group Tent Campground,Catoctin Mountain,cato,3,3,0
465,Popple Campground - South Manitou Island,Sleeping Bear Dunes,slbe,7,7,0
466,Porcupine Bay Campground,Lake Roosevelt,laro,20,0,0
467,Porcupine Flat Campground,Yosemite,yose,52,52,0
468,Potato Patch Individual Backpacking Sites,Pictured Rocks,piro,3,3,0
469,Potomac Forks Hiker-Biker Campsite,Chesapeake And Ohio Canal,choh,0,0,0
470,Potwisha Campground,Sequoia,seki,42,0,0
471,Prairie Creek,Selma To Montgomery,semo,0,0,0
472,Primitive campsites at Cathedral Campground,Capitol Reef,care,6,0,0
473,Primitive campsites at Cedar Mesa Campground,Capitol Reef,care,5,0,0
474,Prince William Forest RV Campground,Prince William Forest Park,prwi,72,1,72
475,Pulltite Campground,Ozark National Scenic Riverway,ozar,55,3,0
476,Purple Point Campground,North Cascades,noca,6,6,0
477,Purslane Run Hiker-Biker Campsite,Chesapeake And Ohio Canal,choh,1,1,0
478,Quartz Creek,Glacier,glac,7,0,0
479,Queets Campground,Olympic,olym,20,0,0
480,Rainbow Park Campground,Dinosaur,dino,4,4,0
481,Red Creek Campground,Curecanti,cure,2,0,0
482,Riley Creek,Denali,dena,142,20,0
483,Rio Grande Village Campground,Big Bend,bibe,93,0,0
484,Rio Grande Village RV,Big Bend,bibe,25,0,25
485,Rising Sun,Glacier,glac,84,0,0
486,Rivers Bend Group Campground,Delaware Water Gap,dewa,5,0,0
487,Rock Creek Campground,Obed Wild & Scenic River,obed,11,11,0
488,Rock Creek Campground,Chickasaw,chic,100,0,0
489,Rock Harbor Campground,Isle Royale,isro,23,11,0
490,Rocky Knob Campground,Blue Ridge,blri,106,25,0
491,"Rocky Springs Campground, Milepost 54.8",Natchez Trace Parkway,natr,22,0,0
492,Rosita Flats,Lake Meredith,lamr,75,0,0
493,Rough Canyon Campground,Amistad,amis,4,0,0
494,Round Spring Campground,Ozark National Scenic Riverway,ozar,55,2,6
495,Roundup Group Horse Camp,Theodore Roosevelt,thro,1,0,0
496,Rush Campground,Buffalo,buff,12,12,0
497,Ryan Campground,Joshua Tree,jotr,32,0,0
498,Saddlehorn Campground,Colorado,colm,80,0,0
499,Sage Creek Campground,Badlands,badl,22,0,0
500,Saline Valley Campground (Primitive),Death Valley,deva,15,0,0
501,San Miguel Island Campground,Channel Islands,chis,9,9,0
502,San Pedro Campground,Amistad,amis,41,0,0
503,Sanctuary River,Denali,dena,7,7,0
504,Sandbank Stream Campground,Katahdin Woods And Waters,kaww,3,0,0
505,Sandy Hook Camp Ground,Gateway,gate,20,20,0
506,Sanford Yake Campground,Lake Meredith,lamr,51,0,0
507,Santa Barbara Island Campground,Channel Islands,chis,10,10,0
508,Santa Cruz Island Del Norte Backcountry Campground,Channel Islands,chis,4,4,0
509,Santa Cruz Island Scorpion Canyon Campground,Channel Islands,chis,31,31,0
510,Santa Rosa Island Backcountry Beach Camping,Channel Islands,chis,30,30,0
511,Santa Rosa Island Campground,Channel Islands,chis,15,15,0
512,Savage River,Denali,dena,32,0,0
513,Schoodic Woods Campground,Acadia,acad,89,13,78
514,Sea Camp Campground,Cumberland Island,cuis,18,18,0
515,Seawall Campground,Acadia,acad,202,43,0
516,Sentinel Campground,Sequoia,seki,82,0,0
517,Sevenmile Creek Group Backpacking Site,Pictured Rocks,piro,1,1,0
518,Sevenmile Creek Individual Backpacking Sites,Pictured Rocks,piro,5,5,0
519,Sheep Camp,Klondike Gold Rush,klgo,27,27,0
520,Sheep Camp,Whiskeytown,whis,4,4,0
521,Sheep Creek Campground,Sequoia,seki,111,0,0
522,Sheep Pass Group Campground,Joshua Tree,jotr,6,6,0
523,Shumard Canyon Wilderness Campground,Guadalupe Mountains,gumo,5,5,0
524,Signal Mountain Campground,Grand Teton,grte,81,4,25
525,Siskiwit Bay Campground,Isle Royale,isro,9,4,0
526,Sky Campground,Point Reyes,pore,12,12,0
527,Slough Creek Campground,Yellowstone,yell,16,0,0
528,Smokemont Campground,Great Smoky Mountains,grsm,142,0,0
529,Smokemont Group Campground,Great Smoky Mountains,grsm,0,0,0
530,Smoky Mountain Campground,City Of Rocks National Reserve,ciro,38,0,38
531,Snag Cove Campground,Lake Roosevelt,laro,9,0,0
532,Snake Creek Primitive Campgrounds,Great Basin,grba,12,12,0
533,Sorrel Ridge Hiker-Biker Campsite,Chesapeake And Ohio Canal,choh,1,1,0
534,South Beach Campground,Olympic,olym,55,0,0
535,South Campground,Zion National Park,zion,117,8,0
536,South Core Banks -- Beach camping,Cape Lookout,calo,1,0,0
537,South Fork Campground,Sequoia,seki,10,10,0
538,South Lake Desor Campground,Isle Royale,isro,10,7,0
539,South Rim Campground,Black Canyon Of The Gunnison,blca,88,0,23
540,Southwest Walk-In Campground,Lassen Volcanic,lavo,21,21,0
541,Split Mountain Group Campground,Dinosaur,dino,4,0,0
542,Sprague Creek Campground,Glacier,glac,25,0,0
543,Spring Canyon Campground,Lake Roosevelt,laro,68,0,0
544,Spring Canyon Group Sites,Lake Roosevelt,laro,2,0,0
545,Spring Creek Campground,Buffalo,buff,12,12,0
546,Spring Gap Campground,Chesapeake And Ohio Canal,choh,14,0,0
547,Spud Rock Spring,Saguaro,sagu,0,0,0
548,Spur 406 Campground,Amistad,amis,6,0,0
549,St. Mary,Glacier,glac,148,7,0
550,Stafford Beach Campground,Cumberland Island,cuis,10,10,0
551,Stair Falls Campsite,Katahdin Woods And Waters,kaww,1,1,0
552,Staircase Campground,Olympic,olym,49,0,0
553,Stanton Creek Primitive Camping Area,Glen Canyon,glca,0,0,0
554,Station Camp Campground,Big South Fork,biso,24,24,24
555,Steel Creek Campground,Buffalo,buff,40,26,0
556,Stevens Creek Campground,Curecanti,cure,53,0,0
557,Stickpile Hill Hiker-Biker Campsite,Chesapeake And Ohio Canal,choh,1,1,0
558,Stone Cliff,New River Gorge,neri,7,6,0
559,Stovepipe Wells Campground,Death Valley,deva,190,28,0
560,Summit Lake North Campground,Lassen Volcanic,lavo,46,0,0
561,Summit Lake South Campground,Lassen Volcanic,lavo,49,23,0
562,Sunset Campground,Bryce Canyon,brca,100,50,0
563,Sunset Campground,Death Valley,deva,230,0,0
564,Sunset Campground,Sequoia,seki,158,0,0
565,Sunset View Campground,Navajo,nava,0,0,0
566,Swains Lock Hiker-Biker Campsite,Chesapeake And Ohio Canal,choh,5,5,0
567,Tamarack Flat Campground,Yosemite,yose,52,52,0
568,Tejas Wilderness Campground,Guadalupe Mountains,gumo,5,5,0
569,Teklanika River,Denali,dena,53,0,0
570,Temple Bar Campground (Lake Mead),Lake Mead,lake,71,71,0
571,Temple Bar RV Park (Lake Mead),Lake Mead,lake,0,0,0
572,Texas Springs Campground,Death Valley,deva,92,26,0
573,Thayer Campground,New River Gorge,neri,4,4,0
574,The Colonies RV and Travel Park,Fort Monroe,fomr,47,25,22
575,The Needles Campground,Canyonlands,cany,29,5,0
576,The Point Campground,Chickasaw,chic,55,0,22
577,Thorndike Campground (Primitive),Death Valley,deva,6,0,0
578,Three Mile Campground,Isle Royale,isro,15,4,0
579,Timber Creek Campground,Rocky Mountain,romo,98,30,0
580,Todd Harbor Campground,Isle Royale,isro,9,5,0
581,Tomales Bay Boat-in Camping,Point Reyes,pore,20,20,0
582,Tookers Island Campground,Isle Royale,isro,2,0,0
583,Tower Fall Campground,Yellowstone,yell,31,0,0
584,Town Creek Hiker-Biker Campsite,Chesapeake And Ohio Canal,choh,1,1,0
585,Trailer Village RV Park - South Rim,Grand Canyon,grca,123,0,80
586,Trappers Lake Group Backpacking Site,Pictured Rocks,piro,1,1,0
587,Trappers Lake Individual Backpacking Sites,Pictured Rocks,piro,5,5,0
588,Tuolumne Meadows Campground,Yosemite,yose,304,61,0
589,Turkey Run Ridge Group Campground,Prince William Forest Park,prwi,9,9,0
590,Turtle Run Hiker-Biker Campsite,Chesapeake And Ohio Canal,choh,1,1,0
591,Twelvemile Beach Campground,Pictured Rocks,piro,36,0,0
592,Twin Peaks Campground,Organ Pipe Cactus,orpi,208,34,0
593,Two Medicine,Glacier,glac,100,0,0
594,Two Rivers Campground,Ozark National Scenic Riverway,ozar,22,5,0
595,Tyler Bend Campground,Buffalo,buff,42,10,0
596,Upper East Branch Campsite,Katahdin Woods And Waters,kaww,1,1,0
597,Upper Goodell Creek Group Campsite,North Cascades,noca,1,1,0
598,Upper Lehman Campground,Great Basin,grba,23,0,0
599,Upper Pines Campground,Yosemite,yose,235,5,0
600,Upper Scorpion Campground,Gila Cliff Dwellings,gicl,12,12,0
601,Valley View Group Campground,Delaware Water Gap,dewa,5,5,0
602,Village Campground - North Manitou Island,Sleeping Bear Dunes,slbe,8,8,0
603,Wahweap Campground & RV Park,Glen Canyon,glca,266,9,139
604,War Ridge/Backus Mountain Campground,New River Gorge,neri,8,0,0
605,Warner Valley Campground,Lassen Volcanic,lavo,17,0,0
606,Washington Creek Campground,Isle Royale,isro,19,5,0
607,Wassataquoik Campsite,Katahdin Woods And Waters,kaww,1,1,0
608,Wassataquoik Lean-to,Katahdin Woods And Waters,kaww,1,0,0
609,Watch Hill Family Campground,Fire Island,fiis,28,22,0
610,Watchman Campground,Zion National Park,zion,176,69,95
611,Wawona Campground,Yosemite,yose,95,47,0
612,Wawona Horse Camp,Yosemite,yose,2,0,0
613,Weather Station Campground - South Manitou Island,Sleeping Bear Dunes,slbe,23,23,0
614,West Chickenbone Campground,Isle Royale,isro,9,6,0
615,Wheeler Peak Campground,Great Basin,grba,37,0,0
616,White Pine Backcountry Campground,Sleeping Bear Dunes,slbe,6,6,0
617,White River Campground,Mount Rainier,mora,88,15,0
618,White Rock Hiker-Biker Campsite,Chesapeake And Ohio Canal,choh,1,1,0
619,White Tank Campground,Joshua Tree,jotr,15,0,0
620,White Wolf Campground,Yosemite,yose,74,0,0
621,Wildcat Campground,Point Reyes,pore,8,8,0
622,Wilderness Cabins,Haleakala,hale,3,0,0
623,Wilderness Ridge Wilderness Campground,Guadalupe Mountains,gumo,5,5,0
624,Wilderness Road Campground,Cumberland Gap,cuga,160,106,41
625,Wilderness Tent Sites,Haleakala,hale,10,10,0
626,Wildrose Campground,Death Valley,deva,23,0,0
627,Willow Beach Campground (Lake Mohave),Lake Mead,lake,9,9,0
628,Willow Beach RV Park,Lake Mead,lake,28,0,28
629,Wonder Lake,Denali,dena,28,28,0
630,Wood Lake Campground,Isle Royale,isro,3,3,0
631,Woolum,Buffalo,buff,0,0,0
632,Yankee Paradise Wilderness Campsite,Cumberland Island,cuis,4,4,0
633,Yosemite Creek Campground,Yosemite,yose,75,75,0
